{"#job": 0.77312, "#birmingham": 0.48496, "alabama": 0.34978, "#onstagewiththevamps": -0.44233, "birmingham": 0.2495, "#votesnp": 0.30136, "#jobs": 0.69282, "#ge2015": 0.17198, "#ge15": 0.28117}