{"#job": 0.77311, "#jobs": 0.69303, "alabama": 0.34978, "#ge2015": 0.16483, "#onstagewiththevamps": -0.4425, "birmingham": 0.24931, "#birmingham": 0.4848, "#ge15": 0.28117, "#votesnp": 0.29436}