{"job": 0.68749, "celebrate": 0.5571, "idiot": 0.57413, "position": 0.58425, "manager": 0.67847, "contractor": 0.74545, "teacher": 0.61538, "opening": 0.72084, "love": 0.67796, "selfie": 0.61116}