{"Wednesday": 0.19449, "Saturday": 0.23183, "Monday": 0.22071, "Tuesday": 0.30868, "Friday": 0.2395, "Sunday": 0.26555, "Thursday": 0.29587}