{"Saturday": 0.23183, "Sunday": 0.26555, "Tuesday": 0.30868, "Wednesday": 0.19723, "Friday": 0.2395, "Monday": 0.22071}