{"Friday": 0.2395, "Saturday": 0.23183, "Monday": 0.22071, "Wednesday": 0.18249, "Thursday": 0.39304, "Tuesday": 0.30868, "Sunday": 0.26555}