{"Tuesday": 0.30868, "Wednesday": 0.19994, "Monday": 0.22071, "Sunday": 0.26555, "Friday": 0.2395, "Saturday": 0.23183}